"","ÇiÇs","ÉZÉuÉì","êMâzâª","â‘â§","ïêìc","ÉAÉXÉeÉâÉX","êVì˙ìSèZã‡","ÉRÉ}Éc","ì˙óß","ìåé≈","ÉpÉiÉ\ÉjÉbÉN","É\ÉjÅ[","ÉtÉ@ÉiÉbÉN","ì˙éYé©","ÉgÉàÉ^","ÉzÉìÉ_","ÉLÉÑÉmÉì","éOà‰ï®","éOïHè§","éOïHÇtÇeÇi","éOà‰èZóFÇeÇf","Ç›Ç∏ÇŸÇeÇf","ñÏë∫","ìåãûäCè„","ïHínèä","ÇiÇqìåì˙ñ{","ÇmÇsÇs","ÇmÇsÇsÉhÉRÉÇ","É\ÉtÉgÉoÉìÉN"
"1",0.976672808342026,0.997911880636138,0.989696531630276,0.996079280536254,0.994421184972961,0.998738170179578,0.98742121779314,0.989535548720696,1,0.987927418765731,1,0.997821349900778,0.999204771329861,0.984848194979397,0.983081367883671,0.993722515480861,1.01944891627439,1.00091033233415,0.996470169296475,0.991769500863485,0.984303684352682,0.98412665084371,0.985559315845206,1.00250438397862,0.972861292400702,1.00193236775105,1.01732221860436,1,0.98244168778662
"2",0.975391365593128,0.997911880636138,1.00102041410984,0.992594959430085,0.99302941261845,0.991143166504636,0.993651025321217,0.977755224486641,0.997693193902085,0.995894618548714,0.988303960236808,1.00971963163913,1.00237937216176,0.992337570957472,0.984724492731982,0.994556525194509,1.04321337036402,0.995430882523444,0.985130414837662,0.989033583264008,0.981431001141892,0.98412665084371,0.985559315845206,0.99191711330666,0.963448601079269,1.00386473550095,1.03596477046701,0.990476118488745,1.01051336003632
"3",0.974964405041074,0.972989188040426,0.995310071105429,0.974164284773583,0.973364821266222,0.982276650933937,0.974723766858068,0.978405543914996,0.986105453955604,1.02738798172801,0.978566896644754,1.01080710576863,1.00476126485995,0.971061524736361,0.988335755129026,0.984071961249515,1.0233959668534,0.985362070508061,0.972363967300049,0.983554158815184,0.979379942921735,0.98412665084371,1.00331762180098,0.993920986944356,0.977397428405268,1.00192864090757,1.03057612492084,0.98810371946594,1.01051336003632
"4",0.974110296878662,0.989119877712071,1.01448377588747,0.992252735479553,0.985799743246285,0.988561231878578,0.974723766858068,0.984889368464806,1.01112908042658,1.06660602497871,0.980502736834218,1.00316185080202,1.02209875214752,1.01944138668522,1.01750187746802,1.01446725109742,1.00112534393148,0.980798087960021,0.972363967300049,1.00517160392465,0.999256217240863,1.00746671675325,1.0280921551412,1.00538847442299,1.00574888627351,1.01537754942582,1.03593674103816,0.99283149747813,0.989743184281167
"5",0.981340137989761,0.946515536728212,1.03142045933935,0.996589511331906,0.987189172289892,0.974592889586152,0.987140798049946,1.00612596330859,1.01112908042658,1.07456580837506,0.995883487308261,1.0310590582906,1.02448034255046,1.00431586608956,1.00092981932793,1.0098702752552,0.984570766639425,0.988960116377775,0.97588065817594,1.00243644140997,0.994327693231282,1.00746671675325,1.02450369720436,1.01039041744887,1.01041903874706,1.01344165265365,1.04396729862543,0.98887441173968,0.964117333809833
"6",0.954950296313411,0.949011842887422,1.00956020021886,0.986981650216648,0.99549656357722,0.979623057602167,1.01182060346129,0.971051924376995,0.971195448382843,1.05032645410551,0.960382891300333,0.993400728593981,1.00845999510671,0.984607903494749,0.986027363114515,0.984110113426395,0.970862352696085,0.9935028901734,0.9638282193373,0.980343283991739,0.984446094455592,0.983573105549317,0.991745903892812,1.01089172751494,1.02568345902466,1.00177041057809,1.0277184523376,0.983330047289888,0.952989722506784
"7",0.918417688025657,0.958545564641229,0.981867669916522,0.972093445948006,0.980083923271461,0.956662091081488,0.992907518156955,0.980752823482263,0.943178252195863,1.00545131447226,0.924882151184913,0.974749918601496,0.98920480403098,0.996542690876005,0.967112578267892,0.972791150280942,0.94653885036852,0.985273182727701,0.95391366088324,0.972116578786485,0.972078518548286,0.975672877488733,0.955280549709108,1.0048565350964,1.02635187446638,1.0133072414705,1.01146960078138,0.976991072575277,0.922804910178929
"8",0.950675581728295,0.945543872195185,0.99542647230381,0.970788914176363,0.981473128214571,0.956662091081488,0.992907518156955,0.970298330634891,0.931605367710834,1.01339958759883,0.924882151184913,0.966017498106082,0.962631160044173,0.984463237634024,0.953877851328639,0.966519103084394,0.961626617938939,0.986183365871162,0.949677175781275,0.969382071839124,0.962610814687936,0.967772649081441,0.948097955347465,0.997811943654843,1.00199432559598,1.03435876281972,1.02082893683467,0.970652097717311,0.910080752567192
"9",0.987043513985908,0.950943434568323,1.02014487827637,0.983309825352175,0.982862333157351,0.969184024976022,1.04757678487003,1.00351784443827,0.929302263032994,1.0213478604033,0.934506401933467,0.986446008363453,0.966594241640249,0.9993570653921,0.964009936789196,0.974405710278303,0.982996977805214,0.992537077274723,0.946148085225159,0.974828052858567,0.964656747051499,0.951907168366299,0.955226544985805,1.02793872037277,1.02250466476013,1.03435876281972,1.02485059247673,0.969071230759206,0.741939488221248
"10",0.994255985251623,0.956757080659876,1.01900695860649,0.973264823059931,0.989788805326952,0.952659831492016,1.05997428796256,1.04611891676841,0.947524459868829,1.04500948683233,0.944130651796831,0.994021604628726,0.983131084148586,1.01277145559993,0.983846901244136,1.01161221034208,1.00123050903588,0.999795150402678,0.949664061345685,0.974828052858567,0.967111345696626,0.95974183949358,0.951642201024098,1.02392136803767,1.00972739318274,1.03629033903523,1.00587133540037,0.965906913724762,0.701515030208083
"11",0.994255985251623,0.989914334033175,1.03815967090157,0.960582244196308,0.991177982825625,0.957687071820481,1.08462596387537,1.05258844212955,0.952112965009598,1.08415299503491,0.955668033476362,1.01763877959891,0.984718059608833,1.02322018525645,0.995277616229998,1.01949440400133,1.00800772728875,1.00795678879094,0.963650530080848,0.98568975913257,0.982552947327122,0.975347741706186,0.98330789435711,1.03587970971863,1.02168483099927,1.04591241688297,1.03106916638393,0.984678165156884,0.765615456571115
"12",0.993404009205273,0.999030394834962,1.03702196155932,0.965349411520044,1.0049829132639,0.970206035339317,1.0970218240989,1.05712128155227,0.974837503498988,1.10390131874899,0.976714626562386,1.03806750240033,1.00359502220129,1.01266365640117,1.00508338634819,1.0240652037686,1.01676960387032,1.01159234472073,0.968568917506284,0.993847238180895,0.988270229153769,0.98318190223211,1.01497349662858,1.05425830221291,1.04546137519892,1.05553449410059,1.02972575359925,0.99097508935091,0.807577489579088
"13",1.00188382176399,1.01390457125314,1.05169970849099,0.953107497680828,1.01878784067883,0.99262514407622,1.11556347941615,1.10532472348238,1.00427734251397,1.12364963286922,0.997761201713068,1.06697893538907,1.01543466036585,1.04659438197842,1.02942073489795,1.06408560339631,1.04711142496413,1.05873440795076,1.00723396539517,1.01545346385758,1.01174376235378,1.00649956198606,1.03968711574266,1.08924741646934,1.06137231832018,1.04582389668903,1.04306435660546,0.994915353346697,0.799849416350815
"14",0.98557172825946,1.00973383492669,1.06075638197,0.956576500592025,1.02017678137205,0.982496228186834,1.09670843654877,1.13538168801513,1.01114813790559,1.14339793789553,1.0016210177518,1.06697893538907,1.05437480982475,1.06295937525008,1.03106124637645,1.0756743592838,1.05903765212317,1.05600218860747,1.00652985214357,1.01817951506218,1.01174376235378,1.0143322829323,1.04325379888289,1.09424397301279,1.05735703363856,1.05735883601339,1.04172106684272,0.994915353346697,0.79025544104081
"15",0.975300805311023,1.00681612934876,1.05162171727939,0.963933153232105,1.02295277432674,0.988774180717753,1.08417448942025,1.10783208053014,1.00191384415613,1.14339793789553,1.00548083377206,1.06262835266257,1.02786341792009,1.05543663065071,1.03433966327649,1.08726311395054,1.06103470655641,1.04226984699573,0.988060896312908,1.01817951506218,1.01338022653967,1.0143322829323,1.04682048201121,1.09324191802242,1.06135712806997,1.05735883601339,1.03633748345586,0.997281383839536,0.7966890351177
"16",0.982933633180035,1.02496488364017,1.05729085077839,0.967834844360362,1.01597965411243,0.988774180717753,1.0779256278018,1.10328778786248,0.966837431935378,1.13540211553552,1.01126501559356,1.06262835266257,1.04672382630747,1.0524339639579,1.03269654988365,1.08684693667696,1.04451551092859,1.03588392861278,0.978869565881128,1.00720173200691,1.00309201404555,0.998483018552128,1.03965045067896,1.07506288064681,1.05801216114098,1.04764932025536,1.02146480508497,0.992532415894997,0.797304001597573
"17",0.986757455896799,1.03655120675091,1.03430536181167,0.973897364327221,1.01040499181823,0.981187640834385,1.0398772438921,1.0750725273922,0.966837431935378,1.12740629294443,0.993711276605785,1.05171831480713,1.03395874339185,1.03428810126624,1.016146571482,1.06286675917074,1.03407026877503,1.02307247997716,0.978869565881128,0.996223947779929,0.989904090130707,0.990589831055669,1.01799028284094,1.07104957545167,1.05466719420321,1.04377630541831,1.00931240365911,0.975810655972601,0.792367118941132
"18",0.98505321116246,1.0514242572343,1.04785540750522,0.97779902824985,1.02831311552657,1.00236965696512,1.0885353478355,1.09432807248401,0.9691312347478,1.15105904074405,0.980085247363774,1.03971102147645,1.02839340031,1.05359339298396,1.02919518188117,1.07732775447767,1.05699784240369,1.03392746223429,0.99768785869852,0.998949596396135,0.998464154133635,0.998420621488085,1.03217853039293,1.08448451980268,1.05666909393911,1.06482475352404,1.01600104578913,0.978963520285644,0.786191194308709
"19",0.978647032864307,1.04223050483266,1.02138428606711,0.981267941966206,1.02692256343432,1.00110960694757,1.0697129420142,1.06612386999939,0.94117358731435,1.12691006325157,0.9526410673241,1.02660524683537,0.996177973614907,1.02626523113846,1.01097886240913,1.04609867647017,1.02247226907154,1.02754235836357,0.98208758854997,0.987972017833447,0.98236952913978,0.982572342358365,1.01779253402939,1.07946607253272,1.04187144913869,1.06289046642807,0.991550642812795,0.974215102631883,0.799307394292495
"20",0.976516296048597,1.04430873185194,1.04939987361456,0.976478073408837,1.0227452455517,0.992255768759755,1.0697129420142,1.06547636079637,0.943466337747365,1.13484608241041,0.950706770076148,1.02007327200878,1.00092168721512,1.00354256347241,0.994432194151292,0.996285178349239,1.00433928068853,1.02389858731701,0.983493583906148,0.987972017833447,0.990522020153276,0.974680152599559,1.01062495135072,1.05720825155756,1.05514387638604,1.0782393319449,0.979400789248905,0.913968744051721,0.792512622820408
"21",0.952818509996354,1.02414446133518,1.0252746760951,0.966874724832421,1.01717168818554,0.99477099385499,1.05089052779546,1.04851189624588,0.941168002048657,1.12685417556173,0.950706770076148,1.00696722527216,0.991366276341416,0.977750934416893,0.989497036656689,0.968491819876457,1.01427347919662,1.01751345293967,0.973594930845789,0.982498474648588,0.989293338556631,0.974680152599559,1.02480939403929,1.01742437572294,1.02877235875225,1.04288405528965,0.97536756135596,0.911601969978022,0.771003585430267
"22",0.938670663639172,1.02414446133518,1.02186277718572,0.973799551030003,1.03097341537861,0.998541450651367,1.09354121423633,1.08163896424122,0.970546579442253,1.17746407759267,0.992295008929065,1.03479168187562,1.00709009963886,0.999956679163901,1.00577202586372,0.99186963657923,1.02933526132978,1.022954714318,1.00201801892999,0.985223853579652,1.00028333848947,0.982508950935155,1.0283739520471,1.05619276282732,1.05383343749538,1.0582208619171,0.97536756135596,0.924122022156693,0.776822508035127
"23",0.943339620721774,1.026637309125,1.03539758137695,0.975101712424432,1.02819075939681,1.0416683887535,1.09354121423633,1.11413836760063,0.963638745444891,1.16948123971006,0.777604748299353,0.991599884603274,1.01890591878828,1.00592658751778,1.01394243656153,0.991454541517061,1.02933526132978,1.01565438207256,1.00552771785595,0.977002188174615,0.996593008398299,0.974617270347144,1.021207554042,1.05318936906087,1.06775657313596,1.04069702493719,0.964575002428356,0.923333858337354,0.804304809719398
"24",0.950967745473714,1.02788448964986,1.05674674147638,0.975970013205249,1.03096590483159,1.03409258526138,1.10589774360904,1.15414877534025,0.979567021240236,1.17740995645057,0.771949416111822,1.01197961525211,1.05700756534427,1.02666807673068,1.03021794550662,1.02330796249364,1.03371796114794,1.03367889029296,1.02226365567127,0.987857879728211,1.01283113559151,0.990211479354835,1.06318089573587,1.0734864786306,1.11027623530587,1.06361238066902,0.972590907306206,0.916216046022636,0.833270153515166
"25",0.953517258382751,1.01448621291475,1.04303740228655,0.968558098991578,1.0323544113106,1.0315734790576,1.09340159094993,1.14571719298062,0.968028995958044,1.16942748549237,0.72749448972852,0.988966634487164,1.05383574731427,1.03412394157374,1.05293233213747,1.03567686363648,1.0204572573499,1.01440868579598,1.02156034387492,0.985125214417933,1.00996250411726,0.982321306298774,1.04519094205118,1.05432557247482,1.09212417591504,1.07322050725949,0.960441799761747,0.918576414986373,0.817775654386355
"26",0.97080458026642,1.0065523432761,1.05544794505095,0.962458297730285,1.0323544113106,1.02905437285078,1.07460339284684,1.12879151754016,0.961122695587221,1.13306929843258,0.72749448972852,0.971481686057775,1.05541808356849,1.01295692308485,1.06272712213786,1.02483634660639,1.02682518601645,1.00436043115172,1.02856695806273,0.976904372153933,0.99926626356787,0.974431132904701,1.04161763620472,1.04074713988641,1.08342194520338,1.06352558580065,0.9657924642956,0.916209965206142,0.826933372194795
"27",0.957094843788709,0.997779679648274,1.05089859341665,0.958977432099845,1.0365143406922,1.02779559058635,1.09916682557753,1.1358766801415,0.963413811560322,1.14886146066703,0.744176622996809,0.989720972396418,1.0402663737136,1.05400855211566,1.06272712213786,1.02897543279249,1.02602641103566,1.01340878452331,1.0404499568885,0.979629351248983,0.996808042737591,0.974431132904701,1.04872768180617,1.04573157058184,1.07941421457218,1.06159365868303,0.973807385516708,0.927951389865373,0.85053570726551
"28",0.951976677346913,0.973360223965386,1.03488894722433,0.9436544810716,1.03233764864434,1.02275118492382,1.06126076489907,1.1110549254046,0.949551503168053,1.10840441198822,0.742299757883411,0.960043605950375,1.01624067823585,1.04197979329302,1.03447469820932,0.992674749897731,0.999742523815895,0.997838709304158,1.02985105412801,0.971408637122882,0.989415118545289,0.966540959164361,1.03797140616239,1.02095842901929,1.05718524237308,1.04407842556656,0.958939808397575,0.916059496363558,0.853292713592902
"29",0.955797324658579,0.984933220711319,1.02003109255529,0.948419329061613,1.0239672975283,1.02400840841947,1.04247689816817,1.09609756560117,0.954127663847506,1.10043024513441,0.738541270066976,0.951345529637348,1.00349768144661,1.04347367138875,1.02954470620243,0.989769155831078,0.991728512776059,0.989625998668848,1.01996214772229,0.968676121573918,0.979958762445842,0.966540959164361,1.02721512953134,1.0149468801748,1.03699649564405,1.03048093295463,0.998353841404297,0.911321247025372,0.844967840599484
"30",0.941656151348054,0.969428740089878,1.01320050167841,0.941445626104413,1.01419521097967,1.01135054133484,1.03625313700653,1.09674327847145,0.933258912197272,1.08038542414955,0.731005069266512,0.926121058096528,0.997146409096721,1.02841606996849,1.01135147492434,0.977256104772854,0.978874824375202,0.976821047392793,1.01007324057274,0.954935804363968,0.970089182462708,0.958650785069231,1.0128482501696,0.989148186985173,1.01816595107141,1.01100056204536,0.980779115475394,0.904998090715936,0.849252366175195
"31",0.929240409588467,0.967764484333344,1.00979096228031,0.941011279787087,1.01001869768836,1.00504140957439,1.03625313700653,1.08701168597541,0.937833719947245,1.06437942140976,0.721572614920665,0.931514905947237,1.0050290304555,1.0269201917848,1.01135147492434,0.976426867468306,0.974074447818842,0.971353751138448,1.00655259134588,0.954935804363968,0.968860962190014,0.966476549222226,1.00927558949823,0.988648743305294,1.02348275663142,1.00906932829279,0.97675126950442,0.897087217872164,0.834083978277995
"32",0.933906771599769,0.973980077210899,0.998380773507099,0.940142386576887,1.01694140263507,1.0062984971799,1.0300293757332,1.07532327565776,0.926298104397544,1.05239753779011,0.727173465407622,0.941201456726086,0.989075853742876,1.02242600434146,1.00312236951539,0.971857322628944,0.972476949391378,0.964057162829265,1.00584944595134,0.941195483791366,0.969270023189205,0.958586900925461,1.0163831934464,0.988149299625409,1.04000689270492,1.00520315755446,0.986085482365268,0.895510614271506,0.842932949285021
"33",0.915438480102278,0.956362386169105,1.01748374588746,0.940142386576887,1.0113691070347,1.00503983723197,1.07851029455957,1.12393730217051,0.957853889313168,1.08369791294389,0.740175636219877,0.853980327130323,1.01869578386861,1.04898401711557,1.0526890951424,1.02035922835391,1.01617359725556,0.974899531989084,1.04242982069117,0.970736140612239,1.0010654137283,0.989511740860409,1.07189914571992,1.01036693227798,1.07344207695169,1.02431405936773,0.971236549752197,0.888393936173573,0.837084568681396
"34",0.961053999858602,0.95428197989697,1.03658670753099,0.943177204386742,1.01414378396582,1.01130960077926,1.10302294732405,1.13037084751127,0.993833852252068,1.11884795358334,0.769566122986608,0.881530468800946,1.05673151132291,1.10144414898762,1.08810399477121,1.07122627260663,1.07352533636079,0.991118197701133,1.05360879989674,0.997628058095896,1.03365269875622,1.00509492497964,1.12402769013411,1.04036786250001,1.08996197943195,1.00483982148118,0.971236549752197,0.900129825943998,0.858584395614046
"35",1.02193699424048,0.976059865791631,1.04674387139885,0.942308316988225,1.03067910327284,1.01757936420127,1.13959059274903,1.16843406820973,1.0209400920811,1.13460663597678,0.791713439158954,0.884753618529906,1.09018255976898,1.12067737634766,1.10273145321924,1.07576449969024,1.1202585187393,1.00644274980087,1.07653689913662,1.00577200583648,1.04543813339407,1.01291671484343,1.14167369916547,1.04633842616066,1.09593802718644,1.02583438962591,0.983219058075708,0.905625620410011,0.877688421238392
"36",0.993571909399362,0.975644255878691,1.05690103448576,0.932706203807703,1.03206722348707,1.01632076247718,1.13959059274903,1.15546574342961,1.01635158956144,1.12664445146983,0.761185765722474,0.878271878048949,1.08225392438702,1.11918413511895,1.09945438853938,1.06454336588901,1.11067336063783,1.00916409282834,1.0645320995741,1.00577200583648,1.04707163080984,1.00503405471242,1.14167369916547,1.08069596399576,1.08186586896052,1.0392441804417,0.999163500318903,0.912685535404353,0.894088612849818
"37",1.01079341358528,0.974812858933724,1.07489127368659,0.951193265248407,1.03484159941445,1.03130364949299,1.15802103100318,1.17528334570061,1.02319573387311,1.13060454149242,0.755554279377161,0.881494897732189,1.09247506902405,1.14280895185265,1.12372589051624,1.09791481254733,1.12135870253537,1.01007202279766,1.07292530021155,1.0112086245109,1.05277775736108,1.00503405471242,1.14522478662927,1.07168176560171,1.06644390655343,1.03344373274869,0.991094841394598,0.914259131544863,0.920662604718868
"38",1.01712804940214,0.968141744043033,1.10065853079212,0.952494784172449,1.03484159941445,1.02499596224878,1.19459315562956,1.19001862563847,1.03683854577621,1.15026772478693,0.761144102254914,0.89749342939226,1.10582203789064,1.17516863884263,1.14959698174062,1.13568664472361,1.15735795612682,1.0209136870579,1.08549060674158,1.02474575605515,1.05277775736108,1.02061629017167,1.21423510637815,1.07963122636773,1.07043061738902,1.0276432849707,0.981674996023292,0.92987452620128,0.958184611103156
"39",1.0238835946971,0.973941497980251,1.09952441577082,0.958984666996238,1.03484159941445,1.01995292151117,1.21301912230977,1.20793322283505,1.0391248500009,1.166025063319,0.759271668094747,0.880108025155924,1.10897702444701,1.20171058952323,1.16905465891011,1.14227512814569,1.1593434737799,1.02544504685865,1.09666692793697,1.0274675259316,1.05767061399478,1.02843714292531,1.23185856678369,1.07613484645117,1.05433361303747,1.03914687470227,0.987017458167037,0.940054306891981,0.947409730851081
"40",1.02642215036452,0.984685127902625,1.09725501472623,0.970206037758928,1.03900037902132,1.04111194713844,1.18800753264446,1.18843952560121,1.0345370948666,1.15005186745888,0.75364045562161,0.876874311688915,1.11291935716062,1.16691981034739,1.15424588674932,1.12647347285788,1.15496332836302,1.03358713235322,1.09877118236179,1.03290387473009,1.07187864629812,1.02843714292531,1.23540348596897,1.07663340325714,1.06229088562337,1.05635485187018,1.00295886727611,0.947113571406156,0.980497242838373
"41",1.00976671362061,0.98010422033566,1.08011898168068,0.973672610585864,1.034824886279,1.04236857003951,1.15665986873666,1.16303480844826,1.01606272724036,1.10145089486659,0.749890992884656,0.863867284892893,1.09138602855261,1.15192063455716,1.13612031120789,1.10310874099856,1.11903810596388,1.02171193966412,1.08250327194528,1.01642101631844,1.05913516425574,1.0126147209499,1.19205154714687,1.05599121399276,1.05091506349108,1.05055600006086,1.00696803530853,0.941586423581744,0.969730890428377
"42",1.02948033477539,0.981764710729169,1.09475343875819,0.973238419893904,1.0389835987198,1.03858958619035,1.18718036951167,1.17648785350537,1.0453851071924,1.12108512055288,0.749890992884656,0.863867284892893,1.10160433752954,1.17989196677575,1.14912326071054,1.12517982628963,1.13167827544184,1.02714659045478,1.099221801506,1.02456328428987,1.06565293968167,1.02043417850045,1.20965971881195,1.05549251683403,1.05821081112549,1.05632301911791,1.00696803530853,0.942373374253195,0.972785163474282
"43",1.04586498303181,0.997835929503271,1.09927721973561,0.982311962559982,1.04728444392836,1.04860016572641,1.16848422926703,1.18994089686684,1.0879683085146,1.11313412892355,0.753621801539665,0.861713001270492,1.0976488419421,1.19027448979474,1.15564312648868,1.1276536561457,1.14510378578161,1.03438642018475,1.09570653851173,1.02728456951328,1.08428512668519,1.03601362888201,1.20965971881195,1.05399571793015,1.05754506035731,1.04274292182629,0.986679208564104,0.936053998523923,0.944856398430079
"44",1.00967823559103,0.993673070192669,1.09017342261281,0.968762617225945,1.04310921802385,1.04482142230124,1.17465038726631,1.19508381528573,1.08568025654929,1.11708842838901,0.759211111225759,0.857399034807367,1.10080300745144,1.20213286423977,1.14908626846505,1.11436745053578,1.17567305328883,1.04522725045439,1.08937092250014,1.03271995028613,1.08673364513635,1.03601362888201,1.20610711796535,1.04145695813459,1.08253796003762,1.04659068605148,0.975910433634889,0.930526881672553,0.914088745430255
"45",1.01347958043692,1.01015227159433,1.07992628627627,0.971363323800549,1.04726779848742,1.04607797256971,1.15595529152772,1.18732770056388,1.06491209445492,1.12104272783981,0.755461912933867,0.85308506829868,1.09684754862333,1.15659208278297,1.14745055819814,1.12382000633217,1.16490345382865,1.04340946347369,1.09287485257956,1.02176260664105,1.08346034854976,1.02813516027673,1.20610711796535,1.04145695813459,1.08054004259563,1.05618370175708,0.969193886589043,0.920235964824135,0.918357346394805
"46",1.01728092526603,1.01015227159433,1.09007710417308,0.978283127410464,1.05418962010615,1.04103662318556,1.14975712498056,1.19567337434441,1.06033182032101,1.11309203686927,0.761051052456272,0.848771101743739,1.10471592919979,1.1610490905443,1.1441768026017,1.11636649333849,1.16092631287484,1.03977071710597,1.07447108467339,1.02176260664105,1.07854668775354,1.02025669137829,1.2025545171112,1.04444393042533,1.06782372314225,1.05038578947498,0.975864208077027,0.922594537575722,0.916828024898346
"47",1.02654814478162,1.01139757966854,1.11028508542838,0.997621662124892,1.05696380491794,1.04103662318556,1.15592205731111,1.21103555621496,1.06943343689448,1.12098633972423,0.764781702340669,0.877330580733783,1.12350673114638,1.15358251117493,1.15556174034211,1.1335669042959,1.19071538809412,1.04339677384839,1.08007094664998,1.02990418443195,1.08668670139337,1.03583343198016,1.23751495934598,1.0394465815115,1.07247077185782,1.06188647870368,0.977201924815738,0.930433110960836,0.937974913523414
"48",1.02739408479223,1.00973478014946,1.1046058654476,0.999355902739156,1.06664176217948,1.02838717687231,1.14972406896394,1.21810075319291,1.07171611318673,1.10903965820047,0.78507866857236,0.889078335554481,1.12901991929882,1.15507004524459,1.15556174034211,1.14056044394293,1.19467783896582,1.04430447009863,1.09193614261084,1.04343794270724,1.10652247223222,1.03583343198016,1.25161784655416,1.06310499299135,1.07711782054175,1.06956742704789,0.97048573394671,0.962159891665164,0.917902256365856
"49",1.00515154563201,1.00390296240277,1.11475545476153,1.00195613639016,1.07356353703547,1.03590282915505,1.14972406896394,1.22195957612392,1.06022922815911,1.08501619921416,0.779450840396816,0.881520854288042,1.12901991929882,1.14610438539054,1.15556174034211,1.13269305081928,1.18791136301874,1.05154404481211,1.09053172294121,1.03248311302686,1.09955674583001,1.03583343198016,1.22292620974491,1.05510039993347,1.08441135165737,1.05403804459209,0.975825421331724,0.969214456079051,0.916067674296718
"50",1.00768660762049,1.01423339892234,1.10907660674547,0.999784108363358,1.06659684459903,1.03841410997077,1.14352608053628,1.20965895201936,1.06251174621649,1.09683137439608,0.777579408908621,0.868525225496908,1.1242728068281,1.13863788090273,1.15392612543303,1.11941104534248,1.18949788928197,1.0524517220759,1.09053172294121,1.0270202266686,1.09423398820219,1.03583343198016,1.20866451797081,1.04558816108121,1.06900085994795,1.04435902300079,0.977163084901482,0.954949390550165,0.913007993181447
"51",1.00895493580255,1.01298664597012,1.10453585687459,0.997612080334702,1.06520714167331,1.01296150951553,1.14969065654648,1.21544219308439,1.08511923199566,1.12033580327913,0.831725133786555,0.894990564554079,1.13214038831788,1.1475335345931,1.16369142595887,1.13416731820589,1.2200597928741,1.06329252235967,1.08982973918801,1.02974081164142,1.10196712277801,1.04365107989532,1.24015104717149,1.03908914608912,1.10818670815784,1.05585666965824,0.983833165987104,0.954162452400523,0.916361841643082
"52",1.01233360764397,1.0042269786346,1.12474134453209,0.985826545686382,1.05684159756445,1.00285707152114,1.13726144731276,1.23397940414596,1.1009937776448,1.14771011668271,0.89456056875373,0.950196543596781,1.18308372365599,1.17256091542105,1.17669370006457,1.16469582517642,1.24558087998263,1.06056496415851,1.09961032813211,1.04058028869432,1.13178450571889,1.05922825086209,1.28879065565935,1.06030081705364,1.14222701517154,1.05199612908809,0.968997840577121,0.953375514250844,0.92093223436741
"53",1.02410995191605,0.994629057866414,1.10762166326377,0.986693969011759,1.05684159756445,1.00159957032626,1.16171962538855,1.24615587722876,1.07791130165726,1.16343241893944,0.896418431454238,0.971407168578811,1.18623441452916,1.16808833180848,1.17669370006457,1.16675614028149,1.25348935658182,1.06780434355875,1.10311339043894,1.0567974525949,1.13504613479385,1.05922825086209,1.2958525399348,1.08248880957293,1.13689883284439,1.05006762968627,0.970335311928971,0.954161803379332,0.894595960303486
"54",0.994498173225495,0.999186832822279,1.11214257428822,0.992318637432117,1.06514144334526,1.00536262886787,1.19221270475144,1.27480440047913,1.08700765354384,1.20234682978016,0.916646167138018,0.985246628074401,1.20268295981891,1.18873689555516,1.18321279540978,1.17128404066974,1.24553066726411,1.07594520390687,1.10381489341358,1.07569344047984,1.14196592825111,1.0748054176386,1.33422513621332,1.08348465951398,1.15926909178902,1.05199259379947,0.96227153716759,0.94467544384776,0.911832244627175
"55",0.990685396006199,0.992101849577987,1.11666348528726,0.987098185387727,1.0679152507549,1.01660981100321,1.20450366623672,1.31223603193896,1.11184172263998,1.19838522214413,0.903537622662209,0.984173958803421,1.19318179419895,1.19022374614994,1.21545492102386,1.19253611361177,1.28649934730744,1.08318455975543,1.11706780647217,1.11578603538076,1.17852803076039,1.10573720465101,1.41656849474518,1.10908385223498,1.17248027854838,1.04619647669195,0.96227153716759,0.95328837535656,0.954472680174713
"56",1.01160436149454,0.999960942225702,1.15013242871572,0.978382029987509,1.07483630706497,1.02037271404458,1.28224055156042,1.35466183288993,1.13220154994633,1.23346241573909,0.931002886932304,1.00328473323379,1.21428677184324,1.25394923833476,1.25720516554226,1.26376540998431,1.36717199961627,1.12503906731879,1.14341823785599,1.18182815152803,1.22729063889219,1.15181625547925,1.48214610233657,1.16255574299006,1.20523325405527,1.06149761198274,0.971594656131905,0.968116737479668,0.949887534382698
"57",1.02545929644371,1.00079112985514,1.16139728300635,0.958660335872669,1.07622408815778,1.00772852853085,1.28839039812894,1.34692088706672,1.11610907426175,1.22154481176525,0.943920874575048,0.987076226700099,1.18798350284353,1.1582757277563,1.266963598745,1.24091939832479,1.3270172190193,1.14304007642397,1.16220314007437,1.19533490598764,1.23744198410304,1.15181625547925,1.51357087176685,1.19299601921023,1.22433819870683,1.07489812048799,0.972932019944065,0.964176492978724,0.913522275057502
"58",1.00453518697592,0.985728771678688,1.13853439346471,0.956488963855183,1.07344314581416,0.995084340961522,1.23167946560242,1.3352927208564,1.10001659461461,1.20562869328569,0.930823645377761,0.970867714282455,1.1689117861781,1.12978595643678,1.23555650013853,1.23473026131379,1.30709166119237,1.1348462056625,1.15234196336092,1.18988917945705,1.23744198410304,1.15181625547925,1.52061074897803,1.17040547639214,1.25903173865856,1.06910350742252,0.968908863198572,0.968100700646375,0.926231302677091
"59",1.01085436394982,0.986558859114419,1.16094721159165,0.968129946860164,1.07344314581416,1.00134669228431,1.25001746388229,1.3487321571619,1.1045715352621,1.20562869328569,0.92148732191627,0.971938721246314,1.19386615427295,1.13421939295563,1.23392324610013,1.24701623592828,1.33448680058989,1.1348462056625,1.14742192310634,1.21142622315652,1.24759332884299,1.16738157688746,1.61300472164997,1.16841499040831,1.28270091750488,1.05358086076019,0.968908863198572,0.967313946681379,0.959154136366648
"60",1.0205276852701,0.998937426267829,1.17220769959591,0.966827821651279,1.07344314581416,1.00260229958648,1.2923949955296,1.36789060653059,1.12716069746742,1.22911570930887,0.947136736296816,1.00977030125018,1.22574594642534,1.15766662366459,1.25013797674732,1.25930220955389,1.30853485570914,1.13393869165519,1.15301911431801,1.21954754668873,1.2577446731235,1.19065241211239,1.65815096547611,1.17535510833739,1.3083229401046,1.06507458413855,0.966228615671457,0.975146491068604,0.957630459896321
"61",1.02095017655548,1.00308068159067,1.1631207726988,0.971587332734661,1.07205357520482,0.979728251193796,1.2862260339574,1.37558621392535,1.14302050662647,1.26801502256,0.960048245210544,1.00869892682474,1.23906514496906,1.18111383780341,1.28235981140669,1.2797127407846,1.29262542136448,1.13936857605301,1.15231755109933,1.22496776692953,1.2557045353313,1.20621671756189,1.72710688753559,1.17436030920197,1.35075169744579,1.08226898672907,0.967565956529478,0.972784407173878,0.963701037815564
"62",1.03104202323915,1.01176183790327,1.18331045407844,0.97548321052967,1.07066400459523,0.973427726256882,1.2923655493564,1.40422540688186,1.14984452992003,1.3296935648424,0.969288434396109,1.02568794192381,1.2539419352155,1.20019999568254,1.30660173958456,1.29403421589003,1.32000429042977,1.16360182633572,1.15511954044615,1.25183217181574,1.26989343811089,1.22948850147701,1.76880968350766,1.18475513639263,1.35868565093147,1.07453846109872,0.971572446546178,0.975140769425367,0.956058642190483
"63",1.06471339039426,1.03393607740943,1.22116180489145,0.993106431255211,1.10348386178755,1.01160625588385,1.34068390778122,1.47077692835707,1.20768255890622,1.38002276429736,0.996748866809492,1.03633900276389,1.3018494253317,1.26220609569521,1.38725248947709,1.34447061610705,1.35124845417654,1.20983196685251,1.19848032455929,1.31277995416522,1.31396356347918,1.27559972444803,1.84115667793242,1.23297998841369,1.3991879337865,1.07838296774396,0.986182833848105,0.998452017424015,0.951480539385774
"64",1.0946955686519,1.08495501962344,1.19140381230251,1.00731543680346,1.10764011476806,1.01661421787335,1.32832728659848,1.49118699643597,1.19853340485387,1.35214256829875,0.993029650304702,1.02449499953114,1.25129360361127,1.25776431012944,1.36261147770042,1.32792307656103,1.31521302653117,1.21254764019669,1.18508934363205,1.29089978176761,1.29962554912112,1.26774985521706,1.74745725530796,1.22750338749661,1.3918779825733,1.08796865723989,0.992850762116274,0.996878412657906,0.933034458482252
"65",1.10100992322115,1.07871843403,1.19591671092687,1.01077849285483,1.1117963677302,1.02162217981271,1.31597066459447,1.44222701770444,1.18708600737367,1.31618983542165,0.964789937337966,1.00613244682159,1.23466750283763,1.24439161618263,1.3346510577681,1.31553179153327,1.31323674813297,1.20982587106242,1.18228273641469,1.25236259815257,1.28322627096907,1.25989998583175,1.69401403024427,1.20038068710958,1.32813741029531,1.10326548085945,0.988828403763384,1.00001818978152,0.945132319491413
"66",1.08527790535656,1.0980294682692,1.1913867179691,1.01164536983151,1.11733459272002,1.02162217981271,1.30361404174593,1.44863123345725,1.22960635717467,1.34348956623784,0.962932785778302,1.00184189683635,1.24718641873914,1.25175926124659,1.3556441871983,1.33592804182319,1.29734261465423,1.22513462746952,1.20312257215829,1.27119547331953,1.2974057110536,1.27545450420935,1.75261242301042,1.22008372588592,1.37113138958196,1.10133837909286,0.984806045388023,0.990539273410693,0.925136911144684
"67",1.10824981737948,1.08594247790207,1.21599839863333,1.02028089277341,1.14881088806217,1.03285576840176,1.36369905629181,1.47218673186439,1.22504380515989,1.36304580042054,0.981309923416007,1.03552042596442,1.24718641873914,1.26206186476541,1.36860145847828,1.36841421501542,1.30128590831217,1.24133796673901,1.22051406568269,1.28467593340598,1.33751418204979,1.30637612783561,1.72790247299182,1.28062818327241,1.37575578313778,1.10709953457934,0.99280180821832,0.997589404762986,0.925136911144684
"68",1.11791423722108,1.08345273479106,1.23171789508586,1.02762573718691,1.18432986836623,1.10670584612344,1.36982805113136,1.49511051785,1.22731872467188,1.37871316602523,1.02129474779847,1.05144365759264,1.22896743001949,1.28983273096851,1.38638625221064,1.38880824695728,1.33057339903859,1.2377083209754,1.23375414256425,1.29815639218071,1.35571193463043,1.32192840827408,1.71735573135861,1.3316753509366,1.39220058547922,1.11477443210716,0.996807738905086,1.01008873075351,0.919030374708477
"69",1.12464614608329,1.09417599366255,1.24520399216634,1.03626129840142,1.21445317675722,1.11294785841874,1.38813337544212,1.52371074097868,1.23865138805912,1.38264672979485,1.04872597820921,1.06420147224296,1.18657124824639,1.30452346757968,1.3880125119305,1.38880824695728,1.33844663738957,1.23680190693198,1.2386486114362,1.30895193374855,1.35774601143306,1.32192840827408,1.73131804998435,1.30312225594714,1.41712052648746,1.13386350182649,1.01536586581183,1.02103407177636,0.923583796284383
"70",1.12084166385545,1.09831276983267,1.21778554880055,1.0353937711022,1.19910663716958,1.09018222209814,1.34445816101002,1.45145229630361,1.20167397381609,1.36679960239457,1.04128817413766,1.03602341235071,1.1343617226302,1.27916315039491,1.35174408833776,1.34709915895937,1.28199775077328,1.20838949844675,1.21531055067987,1.27045057182871,1.31641112937666,1.29026393849621,1.68154367183587,1.26440035871416,1.36798247697048,1.13193680042521,1.00054274319776,1.0059894821285,0.892954697065298
"71",1.14999935284392,1.10533604638378,1.2245447828904,1.04960401471723,1.21835876278421,1.10633336523996,1.35668059210528,1.47497097814017,1.20167397381609,1.36679960239457,1.04498724791807,1.09321935756309,1.15150212971776,1.28211393175047,1.36951981965432,1.36950041703985,1.28396853940241,1.19472494086961,1.22923976391454,1.27585675263261,1.31844419716204,1.30580947520242,1.68154367183587,1.2772120074251,1.33992716553251,1.13386022790659,1.00986257000105,1.02698886542552,0.911317129551311
"72",1.15378986870037,1.10864667722676,1.27109417114468,1.0595284020536,1.23351096078085,1.11381704675374,1.42258090436374,1.51915398576819,1.25072870219034,1.45820744574427,1.09914378295905,1.2191314133425,1.17173174146742,1.29680039167053,1.39848841645673,1.41195327563585,1.32090583644828,1.21359650567907,1.26988518490562,1.31059426546885,1.34861586157308,1.35190165349745,1.71964412852875,1.34331856313985,1.37837167120886,1.13770382558004,1.01386731776093,1.0355960605837,0.918284188240985
"73",1.12905876207428,1.11195730806237,1.23908651159658,1.04907244480927,1.22934603517811,1.11506782402921,1.4102641096366,1.50693638521566,1.23009293010831,1.44240016416982,1.122939665179,1.25879843448532,1.12530460211366,1.27745590779119,1.39196864513089,1.40372028860305,1.31299619702682,1.20905969102854,1.27756244765915,1.28046433471766,1.34249967938234,1.32825262501926,1.69495137831191,1.31331019920037,1.38759158298497,1.14537807947141,1.01653890644184,1.03795058087172,0.902334963732844
"74",1.12440981431839,1.10280191922373,1.23002550952528,1.04907244480927,1.23211483372506,1.11256205258365,1.39794731423161,1.48954474853475,1.22781708685023,1.45414297120508,1.09862861468043,1.26408973456082,1.11347992656326,1.27893188243001,1.37889842097799,1.37049458860362,1.29112898733275,1.2108696609639,1.28593536095594,1.27775435627815,1.32406689993451,1.32041630361694,1.7123713813737,1.30188787929469,1.41052750324509,1.15305233316912,1.00171832852308,1.0316456224969,0.900204301671475
"75",1.1252530163184,1.08736035340688,1.19569698820133,1.04907244480927,1.20973755879299,1.10754485331401,1.36066650984784,1.46370637735062,1.19088747338093,1.43435840789951,1.07431754270439,1.23729581633958,1.09370178798239,1.2429876370317,1.35097456838724,1.34773868395647,1.29112898733275,1.19537469285283,1.27680275786594,1.2559118695852,1.30150285906973,1.30469687625463,1.63354539263701,1.26833091942916,1.38385006496485,1.14919596725619,0.999039935674649,1.03478371046027,0.895326785903304
"76",1.12145076860571,1.07945829273032,1.20244600134933,1.04993908876175,1.23442693733785,1.11378455913237,1.39695310052889,1.49600231234608,1.20893156817907,1.49212561374691,1.08718377484066,1.26040388015178,1.08977466782776,1.25766298621379,1.37992513126017,1.37414586318764,1.30094750603606,1.19627993688916,1.29969633018485,1.28003898687592,1.32767471879154,1.31248613447264,1.70539876234324,1.29861211013161,1.38517053268428,1.15111930823612,0.996361542821927,1.02451869821302,0.897755615567537
"77",1.17538299982135,1.12211412310887,1.26828978475876,1.07732291547005,1.26047355808659,1.15070897574309,1.42725695912881,1.52704476143391,1.27309853215772,1.56866165211603,1.11637166947909,1.36316410517709,1.14107666041679,1.28972565625865,1.41046636334729,1.40256348166468,1.32051099508953,1.23547653123787,1.33831083854453,1.29617414572994,1.34183132364182,1.33571658400163,1.71237381812919,1.31871562526808,1.38715076251787,1.17587551631286,1.00169682487594,1.03545950529469,0.919382089342983
"78",1.1613977477567,1.15636735909643,1.23404045468122,1.06643417394288,1.27835291542506,1.13939661726305,1.40876092975344,1.50707468665334,1.25250888879136,1.54892979883781,1.1255751154172,1.48151068633918,1.05825951539379,1.32034805440013,1.40231806591178,1.39433727930515,1.31260371999465,1.20152516966492,1.34180421259422,1.29617414572994,1.34386286274849,1.32788244668191,1.72629563317224,1.31723253349946,1.40226077104409,1.17587551631286,1.00035855236575,1.04172554260289,0.923929742915418
"79",1.18763808149784,1.14137103043481,1.22952841874167,1.07678379830932,1.28250117081884,1.14811812110491,1.45099675481511,1.52615183615263,1.24111200498154,1.57998707587213,1.12372536131903,1.45816261349903,1.08752911154599,1.37666449020625,1.40556417399532,1.40658629464705,1.29674124634578,1.2194855215653,1.33549312810184,1.34398926944311,1.40156532078445,1.36637448806845,1.75402788632321,1.31920739523894,1.40226077104409,1.18354846697305,1.00035855236575,1.04955221760566,0.931496777374425
"80",1.21675851259781,1.152080472698,1.27593122452922,1.09908358274506,1.30038083329239,1.17530841087696,1.47528178620899,1.55906887141552,1.23884098512559,1.57212642744003,1.11816693929507,1.45605544172554,1.12059192780203,1.37371343979389,1.41850386652406,1.4249200468207,1.33365472561416,1.23566169050152,1.34247064203098,1.36011733421506,1.41772187226738,1.38959954277746,1.79887273311163,1.34076995752427,1.45094400231895,1.19313190773062,1.00835080701393,1.05971555872062,0.964341412388406
"81",1.19851845827231,1.15125253125188,1.2578004580063,1.13614203287453,1.30176495352236,1.1640012411452,1.54696949789529,1.55778884763967,1.22973181919366,1.59160779726301,1.10515404334328,1.43377656316538,1.11197496034625,1.37959658985565,1.41850386652406,1.43716871863431,1.32575156337167,1.24915649179746,1.3487520341917,1.40793888511994,1.48901900010267,1.42809506661376,1.83689067083457,1.33532469638169,1.46146766768957,1.18927687398036,1.02427246633362,1.09068096294743,0.989818891119261
"82",1.24557378009401,1.17581788428349,1.25103200871558,1.13006407093554,1.29621370863431,1.1751996291426,1.55915042301861,1.58002066621722,1.23651968455609,1.54789047768702,1.09400953838324,1.42638866611092,1.1057147047664,1.3781218739591,1.46013337843631,1.44126321917773,1.3079027312156,1.242808677453,1.32190328104954,1.39163053036801,1.48292062024685,1.43587762029732,1.78733762856079,1.3159177353895,1.43280398505643,1.20457325043041,1.03359014886601,1.07406526240803,1.04445363650119
"83",1.25144913900719,1.16417602794846,1.23973082970814,1.12529128412111,1.29482812463424,1.17269654059431,1.67119808405986,1.57361083727943,1.28545310750131,1.57892691550388,1.26476180401025,1.52991320667712,1.11812987749791,1.43585269704924,1.49226082148451,1.45554336789572,1.30593151346309,1.25630293247292,1.34409735170051,1.4315843902441,1.563845215285,1.50444713946513,1.82533077681518,1.37673003530011,1.44135806410615,1.2064959535528,1.04951226319248,1.07641808977257,1.04748104046571
"84",1.24934409370176,1.15836965168291,1.22615699889038,1.11747069545632,1.2597357837261,1.14997404528465,1.62794840016608,1.54846347865155,1.20113087688628,1.53119753067834,1.31317107062373,1.51937657269715,1.11187021172993,1.40609302664684,1.47429139905747,1.42026831681047,1.30789976027645,1.22887164763839,1.34059618443899,1.40431529166173,1.52279705252799,1.49663181207432,1.79364632266271,1.29542345754853,1.35009377262898,1.1831812965824,1.04011157866128,1.07248524619491,1.0244922383242
"85",1.29882953643742,1.16620346811449,1.27251589036891,1.20127336838024,1.30460969263214,1.1953172015188,1.68780618709703,1.59508469642177,1.21686153416325,1.61501533399993,1.34919997173097,1.55466422675061,1.13961061638229,1.4651994365553,1.56099305088644,1.4666403156338,1.34479915704561,1.26276140247905,1.37443223913688,1.43899150511347,1.55088633212953,1.57261928940118,1.80408464304044,1.35651470268243,1.41878461889319,1.20981351124667,1.04544549588239,1.07483804840988,1.06461526360137
"86",1.26043769102439,1.16537578641324,1.25667993269586,1.21799670159485,1.30045267469334,1.18654189161764,1.66325584607149,1.57125298569129,1.21459760507458,1.6189210561792,1.38166891764516,1.59405116038998,1.15356520645456,1.46077952540101,1.56099305088644,1.4666403156338,1.30280201584378,1.27087049393676,1.36531374735557,1.45242756449372,1.53460391136762,1.62619301023134,1.8522882453375,1.33469096071229,1.40954598873057,1.23832575415741,1.08222375314958,1.07483804840988,1.04936263503732
"87",1.23497343726066,1.13859397928211,1.23170444171075,1.19753300487677,1.27953341382875,1.17019288405992,1.65102596857225,1.52979955462391,1.18714790335281,1.59924984142129,1.30473332782161,1.42365060626422,1.15044112815665,1.45192628905711,1.5867154545506,1.44601212304036,1.27294275584317,1.25541069800073,1.33848665758206,1.43340579036707,1.51627398514742,1.61055641850414,1.84529847007946,1.30886063091804,1.3890069998751,1.22867390674319,1.10339261885341,1.07483804840988,1.02485086047952
"88",1.2172037287116,1.16030554950935,1.26058251424784,1.2336764567749,1.29329197019842,1.21911088993471,1.66316592009648,1.54316033435034,1.19840057436487,1.64549643280066,1.27710914857612,1.44024104142855,1.15666394861982,1.39645100978279,1.59479858692966,1.45214363239578,1.30019333561783,1.27424893976276,1.34962337628729,1.46543853771124,1.56801538811672,1.68654015157097,1.9437830284009,1.32402040418792,1.40989471679771,1.26093437991184,1.10739283816718,1.08577399498693,1.07218283254243
"89",1.23513169806873,1.15657798965682,1.25156220732046,1.21848053141176,1.29329197019842,1.22284858593336,1.61370009052858,1.53868091078602,1.18704124216548,1.60193080570395,1.2326189899751,1.35761238081303,1.15510299838478,1.39645100978279,1.56535531520105,1.43980239410095,1.28236862382357,1.26335785688257,1.34402036512087,1.43819911891772,1.53943098269748,1.6472250810829,1.8800467272933,1.32794925100013,1.38802517107266,1.27431819117289,1.11405186507656,1.09203658766252,1.04925574015154
"90",1.22797149425938,1.15575068061607,1.25380716255434,1.22493550252801,1.29743492719629,1.23402757417105,1.56423414575499,1.54442107420888,1.18251054490125,1.60972610481256,1.22164604816338,1.3925566422474,1.17059757006424,1.37123559588552,1.56048639894216,1.43775285298035,1.30382320008631,1.25337795836036,1.33982029806184,1.41095968498824,1.52111632009138,1.61584841657781,1.87656193162033,1.32005651304922,1.36615561832982,1.25690127051058,1.11805205560447,1.08810415061634,1.04622758295551
"91",1.21785079278694,1.13951035699585,1.24704807792369,1.22967247117616,1.28910911299619,1.22526224759806,1.53350164158569,1.53223243341309,1.16886604107741,1.56616382245361,1.21067310569493,1.36629112120558,1.15726398624728,1.36976510180799,1.53104238581651,1.41504558790543,1.28400787644091,1.23883533884458,1.32788574439676,1.36990073489337,1.47177849279659,1.51982917670243,1.83786856219853,1.31660924543395,1.3449539417023,1.25305164645833,1.09919289908704,1.07546999821746,1.0355904643391
"92",1.23949464380141,1.15796602983196,1.26710826508807,1.25529157430268,1.30149787040336,1.2499659523078,1.58142746835297,1.54369080995391,1.17337904298142,1.60474123643244,1.21430876339919,1.38283989122398,1.1811896023847,1.39596757117589,1.55036178898196,1.43537705243803,1.30158392408918,1.25766707469421,1.34455398514963,1.43571073412466,1.54281644407338,1.58063045147207,1.88257103030524,1.34771552496041,1.39780512261255,1.28530456705882,1.14497197372187,1.09260311940305,1.04312206454972
"93",1.22810563892201,1.15713891120405,1.24444024973353,1.28175568860394,1.30288023683221,1.2298453415683,1.5935457457993,1.53021431321847,1.16202000903655,1.60864097404161,1.20883478524859,1.40554374271193,1.13183353062401,1.38119528971582,1.53571259222117,1.42922102991083,1.29567210200716,1.26487435559148,1.34734641395219,1.43840185156511,1.53877236195687,1.58063045147207,1.90677337872256,1.35213346361874,1.40370442614202,1.28722436512606,1.12205829135137,1.09573828115077,1.0309572378833
"94",1.21544464391023,1.1637346620795,1.28857396177039,1.27700283887196,1.32482400164368,1.25209440679933,1.55662797703853,1.53976823174533,1.18441029730119,1.63957733082543,1.24647389775031,1.40969908570216,1.13572166062636,1.37825344560107,1.56141549499493,1.43331036325834,1.31518560490197,1.2765654211346,1.34454818571078,1.43570568985432,1.54481862656098,1.58835971113533,1.89280428050354,1.41693309188434,1.40304741493127,1.31384442918363,1.14582041377928,1.10744916869589,1.02641223167779
"95",1.19213112866423,1.15293619016116,1.27048841630045,1.27224998911964,1.3206687739771,1.2345120499873,1.51347116994786,1.47518047262911,1.17988099810167,1.60804602576757,1.22444433057694,1.38450647328063,1.11051737164927,1.38118902380479,1.54349608032908,1.42303569299974,1.29936363237047,1.25469652793165,1.31344263432729,1.40025436546095,1.50181891060932,1.55706097012786,1.85413841027436,1.36847340336259,1.39117388216619,1.31192219851275,1.15511987687851,1.11682776393108,1.00038696282411
"96",1.20049699547826,1.15623855171764,1.28166252893111,1.27354314524228,1.32894021296054,1.22323788898213,1.50738073448569,1.49986761321214,1.17080494567008,1.60804602576757,1.22080014833172,1.34761222579796,1.12598443743539,1.37971889165556,1.53211691076752,1.42098668516841,1.30328920524262,1.2383306890131,1.29231441518264,1.38127676508782,1.4916919746606,1.56478833571545,1.84716795691345,1.33870123412546,1.3878858308077,1.31192219851275,1.13629329217763,1.11604264772023,1.01090953728542
"97",1.21758472602142,1.15458382721094,1.31051502506574,1.29577407009865,1.33170308342131,1.23317287061214,1.57280002661234,1.49411241172779,1.1976184445615,1.65421319743118,1.24243971311,1.39260497678659,1.13297091964778,1.38118745900193,1.55302801735876,1.44333289769753,1.32666721691442,1.26601900540096,1.30966117785316,1.4184672322605,1.51571974744872,1.59547144302519,1.88163104532444,1.34164235848854,1.43692827542664,1.31192219851275,1.16656114513097,1.12775359093339,1.04945327921881
"98",1.20873871608695,1.13077713167804,1.2718002107389,1.28102949387588,1.31780208993973,1.21685584138879,1.51717458184385,1.46315860903156,1.16787662997843,1.62667512418533,1.2204165714093,1.33964783643478,1.10458602994165,1.34546510252937,1.5268986436083,1.39757499676327,1.30686584608083,1.25422512070419,1.29208156923462,1.39676941366254,1.48925251119022,1.57206557421883,1.86064609497245,1.31587886274231,1.4693806094737,1.31192219851275,1.16389166766143,1.11987818469083,1.03271037722341
"99",1.21793704887267,1.08995953487054,1.2514509732426,1.26060212763137,1.2997020408218,1.20809694404512,1.49270349355898,1.43870772027352,1.14966375982156,1.58318911691606,1.19839341911485,1.34172320142992,1.07939124347708,1.32474245809001,1.49085429803282,1.36234885478568,1.27100447213995,1.23236443447281,1.27379377303426,1.35857412006553,1.44418228305231,1.54077965462939,1.81487576581462,1.26281607837092,1.46214388712085,1.29451988029,1.12042741842422,1.10645685440556,1.0051698017193
"100",1.22755184125412,1.11728642507805,1.27807859423752,1.27773013742753,1.32571063780641,1.24855450363512,1.52273878241006,1.49071109140969,1.17424448501792,1.66303069553495,1.21464919326603,1.38866279237058,1.11310101977312,1.37517376367122,1.5417742288932,1.41255161883355,1.32108082200575,1.24046324413168,1.28422621278212,1.37992739453534,1.49569493096292,1.57901436233525,1.84931466950706,1.28323942505949,1.51499044967138,1.31358531886947,1.13235402041342,1.12513167500429,1.03637491793981
"101",1.2789213381066,1.13976779572629,1.27358622197001,1.29740765599954,1.35171921809741,1.26341842327472,1.52879341775236,1.48111626473457,1.17650047895876,1.65522302534629,1.21100706402062,1.44160942936182,1.11076502517017,1.38540902234629,1.5369131395413,1.41663414080494,1.32500094601576,1.24226755462308,1.2779258262478,1.40656774691584,1.51969055146377,1.57901436233525,1.9108502247166,1.29057084525882,1.60413324526002,1.35516990948637,1.12835040744926,1.12591601220929,1.02270823745923
"102",1.30589067063118,1.15371761170917,1.26909384968613,1.31666055489641,1.36410146545846,1.27828234087328,1.52271470828156,1.44104872172138,1.15599946784885,1.67458257966769,1.19821139863934,1.49055136620852,1.08876895936309,1.38687583987065,1.5352944841631,1.42071666276816,1.31514959248619,1.22132740783738,1.2568026043945,1.42792022902125,1.54566880032253,1.59441950269544,1.9246970260669,1.31532959333544,1.66010828147529,1.40972262886726,1.13763729450346,1.13295545445924,1.05390437143606
"103",1.28901301185028,1.15536754779546,1.24647125690605,1.305841590532,1.35994894637516,1.27078506225017,1.49825290176632,1.44041123057109,1.16499561805859,1.67847243642179,1.20184234505009,1.47701500509472,1.08876895936309,1.38393754250066,1.53205546506265,1.42071666276816,1.31318521632937,1.21771133589057,1.26098497964985,1.4171230491909,1.53758685354149,1.58666075501179,1.9246970260669,1.29458419787783,1.62505988195795,1.38261174277358,1.14560211556371,1.12666124130117,1.05541102554747
"104",1.29736968949401,1.21842149203845,1.26648639045632,1.31229020408403,1.36684175862903,1.28810859329894,1.49825290176632,1.44993989529061,1.20929736728623,1.70934176509866,1.22167815284096,1.51487613954403,1.08721246308748,1.38979548793472,1.56248935011427,1.44905098263538,1.32296326013906,1.22938995537083,1.27072236378644,1.43847370614295,1.55162884020856,1.58666075501179,1.95229172133702,1.3388972093668,1.62963291780943,1.39786830301533,1.15884621816404,1.13603711711248,1.12540867414037
"105",1.31195873933366,1.20349170220404,1.28208096696402,1.33366348116619,1.38196032336989,1.3005062693043,1.48607191677036,1.40528300568463,1.21380127330168,1.68976146205294,1.20151496494708,1.50343520803649,1.09186862636293,1.37058482444388,1.56410599728395,1.45720318969354,1.32099894907271,1.23569222452767,1.27420857273244,1.41680137595826,1.51286160607939,1.57110513281635,1.93484485168279,1.33202350122555,1.65043425862083,1.40742314748237,1.15082648914558,1.13525229005735,1.10107456558366
"106",1.3098612828688,1.2108877140912,1.29101536525925,1.35503675079788,1.40389666210288,1.29801248854151,1.49815386882248,1.42363643348991,1.22502985729213,1.75468683788566,1.20876394599982,1.51684501062969,1.11799480829582,1.41106917603408,1.58818198825775,1.4955263126963,1.3288271139014,1.24109613499656,1.27560420110058,1.43814718651758,1.56240308602996,1.58650824769028,1.94868995442044,1.35532479805628,1.73397802978789,1.41316383449299,1.13608069464802,1.13289617930492,1.13513876848844
"107",1.26074907615715,1.22644887959499,1.30882275607006,1.35288076505936,1.42038096102697,1.30050148736466,1.51624045310527,1.45886741402361,1.25401280722293,1.85303554609674,1.21781839991735,1.56176160369583,1.12032477400533,1.45582294711436,1.61702967924386,1.53384938054689,1.37511895130366,1.28018900894149,1.30117934954971,1.52675673745884,1.66374154106909,1.66207054023313,2.0369732371233,1.40200667349449,1.75991685349588,1.49148583086911,1.14668595900843,1.1446037879344,1.12608176218158
"108",1.25234405118629,1.22107967235502,1.31552895053389,1.35288076505936,1.4176148823319,1.29049758044042,1.58152899291526,1.46204785438075,1.24495852379285,1.8256406462611,1.27290053883708,1.53037886783041,1.11643069718246,1.45582294711436,1.6040414192206,1.52360318759899,1.39266145790137,1.2810908680904,1.31713642772195,1.51868575793657,1.64758858369154,1.64653705763471,2.01954821010201,1.39464704151057,1.71894059583713,1.46443741906536,1.13732520531948,1.16096111261929,1.14101675248363
"109",1.3393051977729,1.19315138954834,1.32890732634628,1.35288076505936,1.39813802212875,1.2779805319657,1.5875769123043,1.43829507262669,1.23817399188617,1.81003678506301,1.23605569333151,1.5529906526515,1.08808537696153,1.46459299139001,1.58778959408501,1.52768244890486,1.35286842337627,1.27657202436419,1.30310180982382,1.54264448764607,1.63953189974641,1.63878863365242,2.00562023620745,1.39758005424565,1.70253523562162,1.44128377598185,1.11717124843835,1.1467547490669,1.13649786834951
"110",1.3075916750549,1.18695533240328,1.37298789590267,1.3614705130588,1.42278751895485,1.29037617261688,1.54458380766363,1.41389483888949,1.24042726637862,1.84466128626601,1.2251170759846,1.5560935321106,1.09737207951099,1.45429445479301,1.60067233894964,1.52154306040534,1.36068849384031,1.2583998737424,1.28977252300605,1.55600080041043,1.64554853732329,1.65417643341068,2.0331893333391,1.39611123639711,1.78538450768781,1.45840814110214,1.1131694367022,1.13809401291987,1.13649786834951
"111",1.2844105547737,1.21464542608589,1.4385889669093,1.36362303605747,1.45014966067835,1.31260329740905,1.55665093003782,1.40879282220712,1.26499098522273,1.86013023466185,1.2484875894928,1.71817964718623,1.11968184916079,1.44399591789338,1.62314955157014,1.55986094777247,1.3567615401945,1.26738848248614,1.29395331280294,1.54523258580508,1.6253326990737,1.63864414620813,2.0401167312956,1.42516766991547,1.82346210708362,1.4961928488212,1.11450018334807,1.1404446382228,1.13950050647219
"112",1.25269510253769,1.19930931354503,1.39774300319521,1.33092067656106,1.41661869490143,1.27726184298305,1.50116046705002,1.40241240902652,1.22140584216096,1.80495283469428,1.25572521897651,1.59764976021093,1.09612526117877,1.39327183775095,1.56723005506665,1.50585237758883,1.32702854153425,1.25013247878411,1.28062431831264,1.4961734626125,1.58052118979601,1.5995338375164,1.98026432064847,1.37538378630947,1.74687676219259,1.43965245009107,1.1051401987789,1.13887485870693,1.09035000857971
"113",1.27134599449219,1.21078604527421,1.42651782628068,1.3352209086593,1.43309119091034,1.29702644382882,1.53112474467786,1.43326357819028,1.24815302433135,1.85472138925178,1.25209070061006,1.7030056313284,1.13429503912922,1.40203458259621,1.59604612833762,1.54213973292823,1.36756638362726,1.26001500043657,1.29657597829368,1.52274917841898,1.60641562591405,1.62254910995018,2.00439316615785,1.38415663963678,1.73313978370623,1.49956861116349,1.11705914209613,1.15135580398826,1.10081266604993
"114",1.27759340752814,1.26514467211681,1.43543359171768,1.33306558791905,1.45772946867535,1.29453455748341,1.5128606146574,1.44341061935605,1.27930284482196,1.84694476826037,1.25932823926271,1.73248244201078,1.19107841815527,1.428160206533,1.61211923626416,1.53805459217399,1.38508704669131,1.25640205172332,1.29587795621583,1.54668808647061,1.60641562591405,1.63792883751707,2.04897517708039,1.39244356802555,1.68491132236537,1.51666330863851,1.13160955571012,1.16383674793018,1.15502197989474
"115",1.25016260268757,1.21349894324433,1.40378495491476,1.31354108871321,1.43266759977038,1.26431058796316,1.46989616817655,1.46237818032885,1.26343883300993,1.81563987020842,1.22623449796107,1.70145207621412,1.12327191887401,1.3850370491336,1.5761839862894,1.49670654856694,1.3713049723163,1.24462178029824,1.28396014148563,1.5086973463339,1.57805446207207,1.61458503853199,2.04202949186296,1.35929447398891,1.6599783789876,1.4779708196934,1.11552004927368,1.17009394981911,1.12770086949105
"116",1.25640822401747,1.24714747025988,1.42376009763503,1.32639803725175,1.4491352247531,1.25932316300266,1.4759327112323,1.48573632539128,1.27241534560473,1.84641416406533,1.22623449796107,1.7539328131304,1.12636420415488,1.38357217639088,1.58905086579395,1.49874427052712,1.3713049723163,1.2518161458809,1.28953047621599,1.5326243255688,1.57805446207207,1.62229190299078,2.05585038720706,1.35292544876238,1.70431564137585,1.47987911023571,1.11817921632377,1.16222509736696,1.16312894129954
"117",1.26265384528311,1.24714747025988,1.42376009763503,1.33712079603037,1.4491352247531,1.27662522543307,1.4453740065424,1.46716838131544,1.25198361648736,1.84253106239426,1.22078051788937,1.70616141168932,1.14403001236668,1.35696419911335,1.5858178008622,1.48440211064458,1.36934456458811,1.24639310716469,1.27549845009721,1.50559321349369,1.56596203154363,1.59894917072798,2.02792669289994,1.35585491677542,1.68993314554718,1.48939605049572,1.11551371037425,1.15593428310494,1.19126455870719
"118",1.25847286846531,1.26752615031709,1.39895921547436,1.31978349257306,1.43247831464059,1.26412145039883,1.46340385372055,1.45181861569438,1.2406738411453,1.84253106239426,1.28267258132145,1.71535356364865,1.14092965813216,1.34962527263022,1.58258473592816,1.49253584119079,1.38104843553443,1.22639220506945,1.25722653448972,1.51094168524083,1.55791079513698,1.59120606033827,2.0417456676199,1.33218848463504,1.74437951372263,1.48365655957618,1.10077397542468,1.12976106797549,1.27515035076146
"119",1.25429189163478,1.27979262814966,1.38774055699316,1.30897439454011,1.41861103969765,1.25913477154409,1.43901322488353,1.42030503637178,1.22936406509574,1.8464059977076,1.27540529513147,1.66336917439422,1.11351156009487,1.3274876750524,1.55817420463104,1.46786526559875,1.35134732445973,1.18792118462868,1.22757692092647,1.51094168524083,1.54176649734659,1.55210812135374,2.01030670426336,1.32139352808634,1.72475012976508,1.47599896033399,1.09141700611706,1.09391791508237,1.29148913441232
"120",1.25220314528757,1.27979262814966,1.3966506393322,1.32608541459511,1.38792209180361,1.25913477154409,1.42075911256396,1.43044558840921,1.22259069223069,1.830824420026,1.18144490563836,1.68068018216254,1.12122288980625,1.32455723749361,1.56943622519362,1.44940130811377,1.33161927592163,1.18340608537088,1.215662007145,1.49478172707863,1.51544548452842,1.53658691079592,1.99988158130998,1.29473769311466,1.68859052172445,1.47408828180137,1.09274719154206,1.11333478827143,1.29745445279817
